townhome,0.15575629924688703
thinq,0.12171501428363433
wifi,0.08015661017958665
briarcrest,0.04415108126827665
encino,0.03814227309611876
wyngate,0.026919110406476276
8309,0.022222241247993622
countertop,0.02200774295779768
backsplash,0.02171579655227099
townhomes,0.01969131888930245
8748,0.017530400114992174
topanga,0.016411975062818687
townhouse,0.015118802938664353
ensuite,0.014754450746571269
condo,0.01434042336697295
sylmar,0.013697376240140087
patio,0.012944554248838627
gated,0.011932102760228764
recessed,0.011419880540358118
barbeque,0.011329849989768872
aldea,0.010241237586248945
ambiance,0.008592370954229296
cozy,0.008537089740557393
youll,0.008208104733308122
lushly,0.00801532901438653
youre,0.008015061470514274
hoa,0.007891610231049484
cabinetry,0.0072841121826365055
winnetka,0.006732936418894134
remodeled,0.006695214266677472
landscaped,0.006579641670254943
ventura,0.006532054541066272
flooring,0.006247962732571757
landscaping,0.006007683128081819
stylish,0.005949725955609411
conditioner,0.005479673548777222
laminate,0.005387678514920193
sereno,0.005376540213823144
spa,0.005336195451836297
spacious,0.005313999821667393
dishwasher,0.00530246120697479
closet,0.005153943966985293
freeway,0.0051411229973438
toluca,0.004893296331489415
unwind,0.004824463230314013
tandem,0.0047300021954014065
westfield,0.004600593363728926
garage,0.004550900844202398
turnkey,0.00434399371711201
hookup,0.004313891667814259
